{
  "run_id": "20260527-151441-kaggle-S3",
  "started_at": 1779894881.4439144,
  "stage": "S3",
  "wall_clock_budget_seconds": 28800,
  "completed_cells": [
    "1",
    "2",
    "3",
    "4",
    "5",
    "6",
    "7",
    "8",
    "9a",
    "9b",
    "9c",
    "10",
    "11",
    "T1"
  ],
  "current_cell": null,
  "last_checkpoint_at": 1779894899.2636583,
  "wall_clock_elapsed_seconds": 17.819762706756592
}