{
  "run_id": "20260529-120638-kaggle-S3",
  "started_at": 1780056398.2566574,
  "stage": "S3",
  "wall_clock_budget_seconds": 28800,
  "completed_cells": [
    "1",
    "2",
    "3",
    "4",
    "5",
    "6",
    "7",
    "8",
    "9a",
    "9b",
    "9c",
    "10",
    "11",
    "T1",
    "12",
    "13",
    "14",
    "15",
    "16"
  ],
  "current_cell": null,
  "last_checkpoint_at": 1780056608.1944275,
  "wall_clock_elapsed_seconds": 209.93778729438782
}