{
  "run_id": "20260527-181351-kaggle-S3",
  "started_at": 1779905631.0312269,
  "stage": "S3",
  "wall_clock_budget_seconds": 28800,
  "completed_cells": [
    "1"
  ],
  "current_cell": null,
  "last_checkpoint_at": 1779905673.8632038,
  "wall_clock_elapsed_seconds": 42.832005977630615
}