{
  "run_id": "20260527-202202-kaggle-S3",
  "started_at": 1779913322.8040352,
  "stage": "S3",
  "wall_clock_budget_seconds": 28800,
  "completed_cells": [
    "1",
    "2",
    "3"
  ],
  "current_cell": null,
  "last_checkpoint_at": 1779913466.5639591,
  "wall_clock_elapsed_seconds": 143.75993943214417
}