{
  "run_id": "20260527-192330-kaggle-S3",
  "started_at": 1779909810.580516,
  "stage": "S3",
  "wall_clock_budget_seconds": 28800,
  "completed_cells": [
    "1",
    "2",
    "3",
    "4"
  ],
  "current_cell": null,
  "last_checkpoint_at": 1779909823.9286666,
  "wall_clock_elapsed_seconds": 13.34816288948059
}