{
  "run_id": "20260527-212404-kaggle-S3",
  "started_at": 1779917044.1068304,
  "stage": "S3",
  "wall_clock_budget_seconds": 28800,
  "completed_cells": [
    "1",
    "2",
    "3"
  ],
  "current_cell": null,
  "last_checkpoint_at": 1779917159.1998165,
  "wall_clock_elapsed_seconds": 115.09299898147583
}