{
  "run_id": "20260527-151441-kaggle-S3",
  "started_at": 1779894881.4439144,
  "stage": "S3",
  "wall_clock_budget_seconds": 28800,
  "completed_cells": [
    "1",
    "2"
  ],
  "current_cell": null,
  "last_checkpoint_at": 1779894883.7536805,
  "wall_clock_elapsed_seconds": 2.309786558151245
}