{
  "run_id": "20260529-105557-kaggle-S3",
  "started_at": 1780052157.9163656,
  "stage": "S3",
  "wall_clock_budget_seconds": 28800,
  "completed_cells": [
    "1",
    "2",
    "3"
  ],
  "current_cell": null,
  "last_checkpoint_at": 1780052268.000418,
  "wall_clock_elapsed_seconds": 110.08406519889832
}