{
  "run_id": "20260527-151441-kaggle-S3",
  "started_at": 1779894881.4439144,
  "stage": "S3",
  "wall_clock_budget_seconds": 28800,
  "completed_cells": [
    "1",
    "2",
    "3"
  ],
  "current_cell": null,
  "last_checkpoint_at": 1779894884.9175472,
  "wall_clock_elapsed_seconds": 3.4736530780792236
}