{
  "run_id": "20260527-183059-kaggle-S3",
  "started_at": 1779906659.748718,
  "stage": "S3",
  "wall_clock_budget_seconds": 28800,
  "completed_cells": [
    "1",
    "2",
    "3",
    "4",
    "5",
    "6",
    "7",
    "8",
    "9a",
    "9b",
    "9c",
    "10",
    "11",
    "T1",
    "12"
  ],
  "current_cell": null,
  "last_checkpoint_at": 1779906763.335554,
  "wall_clock_elapsed_seconds": 103.58685111999512
}