{
  "run_id": "20260527-192330-kaggle-S3",
  "started_at": 1779909810.580516,
  "stage": "S3",
  "wall_clock_budget_seconds": 28800,
  "completed_cells": [
    "1",
    "2",
    "3",
    "4",
    "5"
  ],
  "current_cell": null,
  "last_checkpoint_at": 1779909825.1041586,
  "wall_clock_elapsed_seconds": 14.523656845092773
}