{
  "run_id": "20260527-183059-kaggle-S3",
  "started_at": 1779906659.748718,
  "stage": "S3",
  "wall_clock_budget_seconds": 28800,
  "completed_cells": [
    "1",
    "2",
    "3",
    "4",
    "5",
    "6",
    "7",
    "8",
    "9a"
  ],
  "current_cell": null,
  "last_checkpoint_at": 1779906756.5711071,
  "wall_clock_elapsed_seconds": 96.82241010665894
}