{
  "run_id": "20260527-151441-kaggle-S3",
  "started_at": 1779894881.4439144,
  "stage": "S3",
  "wall_clock_budget_seconds": 28800,
  "completed_cells": [
    "1",
    "2",
    "3",
    "4",
    "5",
    "6"
  ],
  "current_cell": null,
  "last_checkpoint_at": 1779894888.570292,
  "wall_clock_elapsed_seconds": 7.126397371292114
}