{
  "run_id": "20260529-120638-kaggle-S3",
  "started_at": 1780056398.2566574,
  "stage": "S3",
  "wall_clock_budget_seconds": 28800,
  "completed_cells": [
    "1"
  ],
  "current_cell": null,
  "last_checkpoint_at": 1780056465.6027858,
  "wall_clock_elapsed_seconds": 67.34615135192871
}