{
  "run_id": "20260527-212404-kaggle-S3",
  "started_at": 1779917044.1068304,
  "stage": "S3",
  "wall_clock_budget_seconds": 28800,
  "completed_cells": [
    "1",
    "2",
    "3",
    "4",
    "5"
  ],
  "current_cell": null,
  "last_checkpoint_at": 1779917161.549451,
  "wall_clock_elapsed_seconds": 117.44263482093811
}