{
  "run_id": "20260527-192330-kaggle-S3",
  "started_at": 1779909810.580516,
  "stage": "S3",
  "wall_clock_budget_seconds": 28800,
  "completed_cells": [
    "1",
    "2",
    "3",
    "4",
    "5",
    "6",
    "7",
    "8",
    "9a"
  ],
  "current_cell": null,
  "last_checkpoint_at": 1779909841.9666045,
  "wall_clock_elapsed_seconds": 31.386105060577393
}