{
  "run_id": "20260527-190148-kaggle-S3",
  "started_at": 1779908508.212181,
  "stage": "S3",
  "wall_clock_budget_seconds": 28800,
  "completed_cells": [
    "1",
    "2",
    "3",
    "4"
  ],
  "current_cell": null,
  "last_checkpoint_at": 1779908522.7587378,
  "wall_clock_elapsed_seconds": 14.546571493148804
}