{
  "run_id": "20260527-190148-kaggle-S3",
  "started_at": 1779908508.212181,
  "stage": "S3",
  "wall_clock_budget_seconds": 28800,
  "completed_cells": [
    "1",
    "2",
    "3"
  ],
  "current_cell": null,
  "last_checkpoint_at": 1779908521.404154,
  "wall_clock_elapsed_seconds": 13.191988706588745
}