{
  "run_id": "20260527-193913-kaggle-S3",
  "started_at": 1779910753.4961774,
  "stage": "S3",
  "wall_clock_budget_seconds": 28800,
  "completed_cells": [
    "1",
    "2",
    "3",
    "4",
    "5",
    "6",
    "7"
  ],
  "current_cell": null,
  "last_checkpoint_at": 1779910827.8393605,
  "wall_clock_elapsed_seconds": 74.34320616722107
}