{
  "run_id": "20260527-190148-kaggle-S3",
  "started_at": 1779908508.212181,
  "stage": "S3",
  "wall_clock_budget_seconds": 28800,
  "completed_cells": [
    "1",
    "2",
    "3",
    "4",
    "5",
    "6",
    "7",
    "8",
    "9a"
  ],
  "current_cell": null,
  "last_checkpoint_at": 1779908542.1504612,
  "wall_clock_elapsed_seconds": 33.93829560279846
}