{
  "run_id": "20260527-202202-kaggle-S3",
  "started_at": 1779913322.8040352,
  "stage": "S3",
  "wall_clock_budget_seconds": 28800,
  "completed_cells": [
    "1",
    "2",
    "3",
    "4",
    "5",
    "6",
    "7"
  ],
  "current_cell": null,
  "last_checkpoint_at": 1779913593.346437,
  "wall_clock_elapsed_seconds": 270.5424244403839
}