{
  "run_id": "20260527-193913-kaggle-S3",
  "started_at": 1779910753.4961774,
  "stage": "S3",
  "wall_clock_budget_seconds": 28800,
  "completed_cells": [
    "1",
    "2",
    "3",
    "4",
    "5",
    "6",
    "7",
    "8",
    "9a"
  ],
  "current_cell": null,
  "last_checkpoint_at": 1779910829.8182776,
  "wall_clock_elapsed_seconds": 76.32211351394653
}