{
  "run_id": "20260527-192330-kaggle-S3",
  "started_at": 1779909810.580516,
  "stage": "S3",
  "wall_clock_budget_seconds": 28800,
  "completed_cells": [
    "1",
    "2",
    "3"
  ],
  "current_cell": null,
  "last_checkpoint_at": 1779909822.7869031,
  "wall_clock_elapsed_seconds": 12.206404685974121
}