{
  "run_id": "20260527-212404-kaggle-S3",
  "started_at": 1779917044.1068304,
  "stage": "S3",
  "wall_clock_budget_seconds": 28800,
  "completed_cells": [
    "1",
    "2",
    "3",
    "4",
    "5",
    "6",
    "7",
    "8",
    "9a",
    "9b",
    "9c",
    "10"
  ],
  "current_cell": null,
  "last_checkpoint_at": 1779917254.066832,
  "wall_clock_elapsed_seconds": 209.96001529693604
}