{
  "run_id": "20260527-181351-kaggle-S3",
  "started_at": 1779905631.0312269,
  "stage": "S3",
  "wall_clock_budget_seconds": 28800,
  "completed_cells": [
    "1",
    "2",
    "3",
    "4",
    "5",
    "6",
    "7",
    "8",
    "9a",
    "9b",
    "9c"
  ],
  "current_cell": null,
  "last_checkpoint_at": 1779905713.6405811,
  "wall_clock_elapsed_seconds": 82.60936760902405
}